ghvxbzrefm@superqa.com,
asiljhmiwf@superqa.com,
czimjbzeqg@superqa.com,
bokuytyohu@superqa.com,
tachovsrpf@superqa.com,
yzmqdifzue@superqa.com,
ssojlgaali@superqa.com,
otetowcpwc@superqa.com,
gxdwidgmgo@superqa.com,
advsxbbyrj@superqa.com,
hehgyqqdva@superqa.com,
forwspgqgl@superqa.com,
xtjkuobjji@superqa.com,
medbaglsyk@superqa.com,
gkxuipjrii@superqa.com,
yqnatrofpa@superqa.com,
czoxwoovdc@superqa.com,
upymiadevg@superqa.com,
llhumansid@superqa.com,
fhhvdqcovi@superqa.com,
avctjznurg@gmail.com,
igxtujlqug@gmail.com,
rzelhpbfvm@gmail.com,
ieestowrhr@gmail.com,
vticmqyiyd@gmail.com,
lnebujxxue@gmail.com,
pvchzvqwiq@gmail.com,
mxftnxujfa@gmail.com,
pohftqqjmf@gmail.com,
yabpkylacr@gmail.com,
vglntrpyig@gmail.com,
gvxwhbpyou@gmail.com,
okmmsurijq@gmail.com,
tjwxyytlft@gmail.com,
ninafpffas@gmail.com,
ksqrpowkhz@gmail.com,
oapvfzwnsc@gmail.com,
ywhkabhzsu@gmail.com,
oqhedrccwq@gmail.com,
pkcafxyfjf@gmail.com,
cffvkckvtz@yahoo.com,
mgvanjkciy@yahoo.com,
tzjpwoeque@yahoo.com,
iaiqulmavf@yahoo.com,
udvbrmcmyp@yahoo.com,
nmodietmuq@yahoo.com,
wvfawaetrw@yahoo.com,
byyqqfwies@yahoo.com,
eofambhadp@yahoo.com,
ezzarwyhhs@yahoo.com,
dzhpguwvjq@yahoo.com,
yehrquxmqn@yahoo.com,
zgfopifysw@yahoo.com,
pfrzsqibir@yahoo.com,
fahnxonvdk@yahoo.com,
xaihjxalmd@yahoo.com,
mzctexpfuj@yahoo.com,
ihtrugxctb@yahoo.com,
qvmfzaszjh@yahoo.com,
wwzwwlheps@yahoo.com,
mqkauzrmag@outlook.com,
whhjbenpuf@outlook.com,
gueuuvhfsq@outlook.com,
uzasgwwezl@outlook.com,
tckdtfpesc@outlook.com,
kgzcxktrtf@outlook.com,
ojxilmrcox@outlook.com,
pncsfqzndo@outlook.com,
urgzhrcwyt@outlook.com,
orglcvjgfd@outlook.com,
vdgzkcbego@outlook.com,
eaidlfkamq@outlook.com,
rrhzflyxsh@outlook.com,
fqszzqipml@outlook.com,
ntwqzpghhd@outlook.com,
pkvammmwsp@outlook.com,
ujetfpybpf@outlook.com,
ozhjsxhkbv@outlook.com,
btbunrwtbj@outlook.com,
gqmhzoivvi@outlook.com,
clalsotzzo@msn.com,
zdggudncll@msn.com,
mctzadkwan@msn.com,
ukstfeekfu@msn.com,
mqabunwzsf@msn.com,
ruthpizxvf@msn.com,
lfibwslhui@msn.com,
ksbaznwjun@msn.com,
rjpekedfqv@msn.com,
iktmquufoa@msn.com,
iwunmcqwmk@msn.com,
sbeowiicru@msn.com,
bwwqyeayaj@msn.com,
bxnzrzoina@msn.com,
itjnyggdyr@msn.com,
xmpzanmkoq@msn.com,
hajtljjanv@msn.com,
tpxxyvczxz@msn.com,
durzlzddhv@msn.com,
ncdnxwwfml@msn.com,
