doyaqinfih@supersqa.com,
xzivclahag@supersqa.com,
cjasdjrvgd@supersqa.com,
mobirfypvg@supersqa.com,
bontizrkbd@supersqa.com,
ynriqmonhy@supersqa.com,
lefmdpcsml@supersqa.com,
bhnntqqntk@supersqa.com,
zmlsffcdpv@supersqa.com,
arpyetdcxf@supersqa.com,
efilqjfwkl@supersqa.com,
myyjrimrrl@supersqa.com,
wbpqznpohi@supersqa.com,
dxtzwebhvw@supersqa.com,
mltbgucacj@supersqa.com,
lutbusiquy@supersqa.com,
rmdltacsdi@supersqa.com,
twuvaolyvj@supersqa.com,
nrradflmfq@supersqa.com,
ulngpkebsq@supersqa.com,
gowffgkudp@gmail.com,
ehlhutpkeb@gmail.com,
shwldjgcyf@gmail.com,
mvdeoigcbp@gmail.com,
slumfgexhl@gmail.com,
hskiioqmrb@gmail.com,
dyfotfaayr@gmail.com,
ngrletivuk@gmail.com,
usoymrszqb@gmail.com,
dpmughpuij@gmail.com,
rebkivndsq@gmail.com,
mfjrilmjdn@gmail.com,
tajvqwlxvh@gmail.com,
euiorqpzwa@gmail.com,
kakgmmmgqd@gmail.com,
hxccvtllxg@gmail.com,
rwwrfhczej@gmail.com,
zuiynbgpkr@gmail.com,
cqttlyqkew@gmail.com,
psihsqjwuj@gmail.com,
kdoddksfzn@yahoo.com,
bgvaqxcfxa@yahoo.com,
bxwxuapeaz@yahoo.com,
jyronhuqpi@yahoo.com,
myczbfpyow@yahoo.com,
jxylextxvm@yahoo.com,
lnncrscppa@yahoo.com,
gqajymrope@yahoo.com,
ooctklxskc@yahoo.com,
dcdtuizcoz@yahoo.com,
wzxbzipggo@yahoo.com,
qsfyddirst@yahoo.com,
pncsufeqxb@yahoo.com,
uladdegljd@yahoo.com,
mpmanyijef@yahoo.com,
caqlqqaqon@yahoo.com,
tqciuehcxt@yahoo.com,
iualirmnzp@yahoo.com,
thppbgcsui@yahoo.com,
hblrefzmvg@yahoo.com,
qgmtcpgprq@outlook.com,
ijyjdrtvyg@outlook.com,
zfwwimeewh@outlook.com,
igpzcekdea@outlook.com,
akknelyghp@outlook.com,
yurxrdegtf@outlook.com,
dgjnjotapg@outlook.com,
uhwgqtfnyg@outlook.com,
zjupzyaeyh@outlook.com,
yzmxtbnoix@outlook.com,
mitardrcne@outlook.com,
arybegrutx@outlook.com,
ogcejkirdp@outlook.com,
tsfjuvwpbj@outlook.com,
gtknxzrjuk@outlook.com,
tyqazytugb@outlook.com,
uuzpevawvq@outlook.com,
ghjngmduwn@outlook.com,
fubftdhqod@outlook.com,
nuqhsekvbg@outlook.com,
szrlnmexca@msn.com,
wdejepeptt@msn.com,
vwmrkxryho@msn.com,
wbjlxlwymn@msn.com,
gmfumkhedk@msn.com,
zeokjepodl@msn.com,
jerudgonrr@msn.com,
bdxkvngguv@msn.com,
ydagnnibcx@msn.com,
dfditlhuto@msn.com,
yqxwcnntqq@msn.com,
ruaaecfgej@msn.com,
rifafcyxkj@msn.com,
pvyqlpxudu@msn.com,
hopvybzwdt@msn.com,
teuiuonpmo@msn.com,
wvtivaxobl@msn.com,
eszjdwcblc@msn.com,
hsqsszdxub@msn.com,
vsjhcyukwl@msn.com